MedInc,HouseAge,AveRooms,AveBedrms,Population,AveOccup,Latitude,Longitude,MedianHouseValue
3.7841,26.0,6.193146417445483,1.1806853582554517,905.0,2.8193146417445485,39.33,-120.2,1.095
2.4643,35.0,3.892514395393474,1.0633397312859885,2252.0,4.322456813819578,34.23,-119.12,1.82
3.6936,25.0,4.448735019973369,1.0505992010652463,1685.0,2.243675099866844,33.94,-118.16,2.383
5.2699,8.0,7.386811023622047,1.0718503937007875,3325.0,3.2726377952755907,37.98,-121.84,2.042
1.9236,37.0,3.710227272727273,1.0,827.0,4.698863636363637,37.38,-120.73,0.644
7.2118,13.0,6.524752475247524,1.0297029702970297,1137.0,2.8143564356435644,33.68,-117.79,3.115
4.6786,16.0,5.350061199510404,1.08812729498164,2530.0,3.0966952264381886,37.59,-122.03,2.56
10.8783,52.0,8.503184713375797,0.9617834394904459,402.0,2.5605095541401273,37.79,-122.44,5.00001
3.253,20.0,4.582213987957387,1.0574339972209357,7228.0,3.347846225104215,33.98,-117.9,1.867
3.0469,20.0,5.656,1.008,337.0,2.696,39.74,-122.16,0.85
2.8409,36.0,4.901694915254238,1.0372881355932204,678.0,2.298305084745763,38.29,-122.27,1.53
4.3148,25.0,5.310107948969578,0.9793915603532876,2243.0,2.201177625122669,34.12,-117.75,2.407
8.0,28.0,2.888888888888889,0.3333333333333333,29.0,3.2222222222222223,34.25,-119.23,2.75
3.43,46.0,5.438438438438438,1.012012012012012,796.0,2.3903903903903903,37.63,-122.42,2.929
1.8125,23.0,4.899721448467966,1.0194986072423398,788.0,2.1949860724233985,39.77,-121.62,0.935
1.5156,52.0,2.75,1.0810810810810811,227.0,1.5337837837837838,34.15,-118.14,1.875
4.8889,18.0,5.860894941634241,1.0330739299610896,3360.0,3.2684824902723735,34.11,-117.6,1.557
3.2593,24.0,5.422832980972516,1.120507399577167,1447.0,3.059196617336152,32.98,-115.55,0.808
1.0617,15.0,3.3874125874125873,1.0825174825174826,2120.0,2.965034965034965,32.75,-117.1,0.924
3.8529,43.0,4.2191142191142195,0.9953379953379954,742.0,1.7296037296037297,34.12,-118.15,3.5
4.4211,35.0,5.3059701492537314,1.027363184079602,1473.0,3.6641791044776117,33.65,-117.93,2.152
4.877,6.0,4.782552083333333,1.1471354166666667,1846.0,2.4036458333333335,33.57,-117.71,1.443
5.7843,15.0,4.835579514824798,0.9865229110512129,1533.0,4.132075471698113,37.31,-121.81,2.099
2.6226,40.0,4.071216617210682,1.0504451038575668,2747.0,4.07566765578635,34.09,-118.18,1.488
3.7813,36.0,6.634615384615385,1.0480769230769231,316.0,3.0384615384615383,33.84,-118.1,2.091
6.981,31.0,6.645833333333333,1.01875,1362.0,2.8375,34.21,-118.33,4.029
2.0192,22.0,3.5287517531556802,1.1584852734922861,3350.0,4.698457223001403,34.18,-118.45,1.583
4.9024,16.0,5.813267813267813,0.9631449631449631,1482.0,3.6412776412776413,32.92,-117.15,1.829
5.5584,23.0,6.967889908256881,1.084862385321101,1501.0,3.4426605504587156,33.63,-117.7,2.417
2.8698,23.0,5.475471698113208,1.1018867924528302,1052.0,3.969811320754717,37.38,-120.73,0.729
1.6071,27.0,4.190476190476191,1.0389610389610389,587.0,2.5411255411255413,36.97,-120.07,0.55
5.6958,15.0,6.057840616966581,0.9884318766066839,2519.0,3.2377892030848328,37.23,-121.77,2.538
2.375,22.0,5.4969450101833,1.105906313645621,1425.0,2.9022403258655802,33.39,-117.25,1.373
4.25,39.0,5.925764192139738,1.0873362445414847,763.0,3.331877729257642,33.82,-118.27,2.003
1.6892,52.0,5.586956521739131,1.1195652173913044,939.0,3.402173913043478,34.0,-118.31,1.291
6.987,44.0,6.736596736596737,1.020979020979021,1219.0,2.8414918414918415,34.2,-118.2,5.00001
2.2991,44.0,4.209302325581396,1.0852713178294573,1893.0,4.891472868217054,34.03,-118.18,1.375
4.6357,4.0,6.042193026781202,1.0447195553309752,10877.0,2.7481051035876707,33.15,-117.27,2.449
2.3387,25.0,4.603975535168196,1.091743119266055,893.0,1.3654434250764527,33.6,-117.71,0.748
3.5345,52.0,4.513207547169811,0.8905660377358491,965.0,3.641509433962264,40.47,-124.1,0.55
1.5898,35.0,4.176678445229682,1.0777385159010602,977.0,3.452296819787986,33.95,-118.3,0.94
9.5551,29.0,5.626865671641791,0.8656716417910447,151.0,2.253731343283582,37.96,-122.64,5.00001
5.4337,11.0,5.901162790697675,1.0116279069767442,1563.0,3.0290697674418605,36.3,-119.33,1.338
7.4111,52.0,6.766381766381766,1.0512820512820513,930.0,2.6495726495726495,34.11,-118.15,4.691
2.6429,32.0,3.7270058708414875,1.0743639921722115,1806.0,1.7671232876712328,37.82,-122.25,2.185
4.0341,33.0,5.565040650406504,1.1382113821138211,758.0,3.0813008130081303,38.24,-122.62,1.565
4.1847,11.0,3.8308383233532934,1.0389221556886228,1309.0,1.9595808383233533,37.37,-122.01,1.673
1.983,42.0,4.555147058823529,0.9227941176470589,776.0,2.8529411764705883,35.35,-119.02,0.633
3.153,42.0,3.9234642497482377,0.9879154078549849,4496.0,4.527693856998993,33.95,-118.22,1.509
2.9643,38.0,3.7400346620450606,1.0086655112651646,1061.0,1.8388214904679376,34.09,-118.36,3.553
2.3224,29.0,5.186915887850467,1.1004672897196262,1170.0,2.7336448598130842,39.36,-121.69,0.562
3.125,42.0,4.012820512820513,0.9166666666666666,625.0,4.006410256410256,33.98,-118.22,1.663
4.8854,30.0,5.280632411067193,0.9446640316205533,905.0,3.5770750988142295,34.04,-117.93,1.781
4.5129,16.0,6.174757281553398,1.046116504854369,1199.0,2.9101941747572817,38.95,-121.19,1.963
4.2344,52.0,4.1656441717791415,0.8098159509202454,483.0,2.96319018404908,34.12,-118.19,1.625
4.1455,37.0,4.511933174224343,1.041766109785203,1725.0,2.058472553699284,34.06,-118.4,5.00001
3.9265,39.0,5.885714285714286,1.0914285714285714,537.0,3.0685714285714285,37.27,-121.94,2.369
2.975,24.0,3.456730769230769,1.0913461538461537,665.0,1.5985576923076923,33.99,-118.47,5.00001
5.253,35.0,6.208092485549133,1.0404624277456647,442.0,2.554913294797688,32.82,-117.19,2.04
6.2715,20.0,6.90990990990991,1.0585585585585586,871.0,3.9234234234234235,32.78,-115.57,0.972
1.6888,44.0,3.071844660194175,1.0563106796116506,1998.0,3.8796116504854368,34.04,-118.2,1.25
3.4732,52.0,5.962864721485412,1.1193633952254642,870.0,2.3076923076923075,37.89,-122.29,2.462
3.1667,36.0,4.6318407960199,0.7960199004975125,746.0,3.711442786069652,34.05,-117.97,1.58
2.7243,8.0,4.5807692307692305,0.9307692307692308,688.0,2.646153846153846,37.51,-120.84,1.384
4.425,16.0,3.422582448295137,1.111794298490777,2853.0,1.5947456679709335,33.85,-118.41,3.364
2.5197,34.0,5.1861702127659575,1.0824468085106382,1029.0,2.7367021276595747,40.14,-122.12,0.823
6.4588,35.0,5.586605080831409,0.9838337182448037,949.0,2.191685912240185,37.41,-122.14,4.371
4.2149,42.0,4.933806146572104,0.950354609929078,1342.0,3.1725768321513,37.36,-121.88,1.99
5.0877,17.0,6.91869918699187,0.959349593495935,370.0,3.008130081300813,38.33,-122.32,2.093
4.8977,41.0,5.957792207792208,1.0097402597402598,683.0,2.2175324675324677,34.28,-119.26,3.582
3.375,33.0,3.732456140350877,1.013157894736842,936.0,4.105263157894737,34.08,-118.17,1.475
2.3523,37.0,3.8008595988538683,1.0802292263610316,1087.0,1.5573065902578798,33.77,-118.18,3.25
4.2135,36.0,5.886363636363637,1.0340909090909092,974.0,3.6893939393939394,33.87,-118.2,1.614
4.6458,18.0,5.719266055045871,1.0697247706422017,2079.0,3.8146788990825686,34.22,-119.04,2.228
6.2661,4.0,6.290155440414508,1.038860103626943,959.0,2.4844559585492227,33.51,-117.68,2.685
5.1663,25.0,6.186153846153847,0.9753846153846154,2178.0,3.350769230769231,37.25,-121.82,2.412
2.9072,8.0,5.389845094664372,1.0735800344234079,6133.0,2.6389845094664373,34.54,-117.22,1.192
4.125,35.0,5.754414125200642,1.0770465489566614,1401.0,2.248796147672552,34.16,-118.07,3.3
8.4699,25.0,7.627684964200477,0.9689737470167065,978.0,2.3341288782816227,38.58,-121.36,3.44
3.7143,49.0,6.201086956521739,1.298913043478261,505.0,2.744565217391304,38.53,-122.94,1.488
4.2386,44.0,5.959488272921109,1.0575692963752665,1235.0,2.633262260127932,34.16,-118.1,2.837
4.6556,23.0,5.5169606512890095,1.1112618724559022,2105.0,2.8561736770691994,34.11,-117.87,1.996
2.52,28.0,3.7859649122807015,1.0736842105263158,1358.0,4.764912280701754,34.05,-118.21,1.319
4.8542,17.0,6.537349397590361,1.0650602409638554,1475.0,3.5542168674698793,38.0,-121.87,1.441
3.0375,21.0,4.972270363951473,1.0329289428076256,1471.0,2.5493934142114383,32.82,-117.17,1.976
5.6159,28.0,6.34965034965035,0.993006993006993,368.0,2.5734265734265733,34.18,-118.58,3.405
2.6997,52.0,4.0627450980392155,1.0627450980392157,1623.0,2.1215686274509804,37.83,-122.28,1.269
5.395,34.0,5.45272206303725,0.9828080229226361,928.0,2.659025787965616,33.81,-118.13,2.419
4.1111,36.0,6.103286384976526,1.0352112676056338,1246.0,2.924882629107981,34.19,-118.56,2.156
1.8977,35.0,5.245901639344262,1.1885245901639345,1723.0,2.824590163934426,32.67,-117.07,0.956
3.1042,44.0,5.06989247311828,1.0725806451612903,1167.0,3.1370967741935485,33.8,-118.15,2.198
5.1624,12.0,7.22040072859745,0.9544626593806922,1707.0,3.109289617486339,33.89,-117.38,2.679
2.2768,52.0,4.953068592057762,0.9873646209386282,1479.0,2.6696750902527078,37.77,-122.18,0.962
2.5,12.0,3.651252408477842,1.1560693641618498,983.0,1.8940269749518304,37.92,-122.31,1.958
6.4242,12.0,6.200585651537335,1.076134699853587,1798.0,2.6325036603221084,33.86,-118.38,3.655
12.1579,14.0,8.40251572327044,1.0534591194968554,1113.0,3.5,34.18,-118.21,5.00001
7.4817,41.0,6.813901345291479,1.0807174887892377,973.0,2.181614349775785,34.14,-118.16,5.00001
3.3438,25.0,4.297674418604651,1.1081395348837209,2827.0,3.2872093023255813,33.84,-118.08,1.533
3.184,23.0,5.450408401400233,1.0641773628938156,2095.0,2.4445740956826136,39.39,-123.85,1.405
2.9732,52.0,5.585284280936455,1.1705685618729098,793.0,2.652173913043478,37.77,-122.26,2.821
3.8409,34.0,5.4591439688715955,1.066147859922179,977.0,3.801556420233463,34.04,-117.94,1.63
4.4561,28.0,5.464367816091954,1.07816091954023,1068.0,2.4551724137931035,37.92,-122.08,2.5
2.5719,32.0,4.370253164556962,1.0316455696202531,2677.0,4.235759493670886,33.9,-118.19,1.056
2.1513,43.0,4.407166123778501,1.0863192182410424,1531.0,2.493485342019544,32.73,-117.13,1.45
3.4609,27.0,4.805039787798409,1.072944297082228,3712.0,4.923076923076923,34.03,-117.74,1.233
1.1311,29.0,3.8753180661577606,1.1195928753180662,1302.0,3.312977099236641,32.67,-115.49,0.847
4.5221,16.0,6.38494623655914,1.1053763440860216,1594.0,3.4279569892473116,32.92,-117.15,1.683
4.15,19.0,6.180451127819549,1.0075187969924813,457.0,3.43609022556391,38.51,-121.3,1.575
4.3438,48.0,5.003846153846154,0.9730769230769231,637.0,2.45,34.16,-118.27,2.527
7.1885,37.0,7.327586206896552,1.0172413793103448,598.0,3.4367816091954024,34.11,-118.04,5.00001
2.0221,33.0,5.646288209606987,1.1877729257641922,694.0,3.03056768558952,36.19,-119.82,0.522
4.7437,10.0,5.902702702702703,1.0945945945945945,1119.0,3.0243243243243243,34.46,-118.27,2.94
3.7326,35.0,5.425661914460285,1.1018329938900204,2033.0,4.1405295315682284,33.97,-118.09,1.643
2.4444,46.0,5.109014675052411,1.0524109014675052,1151.0,2.4129979035639413,34.03,-118.34,1.341
2.5893,18.0,4.766949152542373,1.0254237288135593,1248.0,2.6440677966101696,40.95,-124.09,0.996
10.1768,36.0,6.102836879432624,0.9361702127659575,710.0,2.517730496453901,32.96,-117.26,5.00001
2.0875,13.0,3.5259740259740258,1.0352504638218925,1986.0,1.842300556586271,34.19,-118.31,2.227
2.0625,37.0,24.669117647058822,4.897058823529412,338.0,2.485294117647059,38.12,-120.12,0.889
5.123,25.0,5.841509433962264,1.0528301886792453,732.0,2.762264150943396,33.82,-118.05,1.596
4.1852,44.0,4.991228070175438,1.0,497.0,2.1798245614035086,33.96,-118.4,3.033
4.9643,36.0,5.118367346938776,0.9346938775510204,629.0,2.5673469387755103,34.21,-118.5,2.361
3.8171,18.0,5.119732785200411,1.0436793422404933,5613.0,2.8843782117163412,37.63,-122.1,1.872
4.0795,33.0,5.3136363636363635,1.0136363636363637,1697.0,2.5712121212121213,37.6,-122.49,2.706
2.9853,7.0,4.472945891783567,0.9819639278557114,1274.0,2.55310621242485,36.78,-119.86,0.747
3.9097,41.0,5.010309278350515,0.9355670103092784,977.0,2.518041237113402,35.36,-119.03,0.813
3.654,38.0,4.9363636363636365,1.069090909090909,2357.0,2.1427272727272726,32.75,-117.17,2.49
2.8426,10.0,4.897243107769423,1.1152882205513786,1898.0,2.3784461152882206,38.67,-121.32,1.306
4.0089,51.0,5.521739130434782,0.9862700228832952,1095.0,2.505720823798627,37.75,-122.47,3.57
3.3214,42.0,4.454828660436137,1.0529595015576323,1269.0,3.953271028037383,33.96,-118.04,1.488
3.9688,41.0,5.259786476868327,0.9715302491103203,916.0,3.2597864768683276,33.98,-118.07,1.698
2.4038,46.0,3.6126543209876543,1.0848765432098766,2371.0,3.6589506172839505,34.07,-118.26,1.817
3.0199,25.0,4.067385444743936,1.0862533692722371,2205.0,2.9716981132075473,34.15,-118.27,2.202
2.6823,19.0,4.148974130240856,1.142729705619982,2917.0,2.6021409455842996,33.97,-118.36,1.425
1.8447,52.0,4.20985401459854,1.063868613138686,1127.0,2.0565693430656933,37.86,-122.27,1.982
5.4284,5.0,6.176979662483773,1.070532237126785,7158.0,3.0973604500216356,34.53,-118.7,2.363
3.0833,44.0,5.116704805491991,0.9405034324942791,1036.0,2.3707093821510297,35.29,-120.67,2.193
6.0936,35.0,6.46524064171123,1.0026737967914439,988.0,2.641711229946524,37.28,-121.89,3.654
3.7067,18.0,4.886486486486486,1.0810810810810811,968.0,2.616216216216216,38.41,-122.36,1.75
2.1838,40.0,4.977088948787062,1.0390835579514826,2102.0,2.8328840970350404,37.3,-120.47,0.75
4.4615,20.0,4.357005758157389,0.9558541266794626,1070.0,2.053742802303263,33.83,-118.38,3.848
1.3096,31.0,3.994041708043694,1.1996027805362464,3707.0,3.6812313803376364,33.96,-118.29,1.163
2.1767,13.0,4.050724637681159,1.1202898550724638,1869.0,2.708695652173913,32.75,-117.12,1.018
3.016,32.0,4.2,0.8987012987012987,1153.0,2.994805194805195,34.0,-117.42,0.966
2.1591,52.0,6.122137404580153,1.2213740458015268,564.0,4.305343511450381,34.06,-117.32,0.635
3.4559,39.0,4.645783132530121,1.044578313253012,1847.0,2.225301204819277,34.1,-118.15,3.649
3.9336,15.0,5.553191489361702,1.0687397708674304,2039.0,3.337152209492635,34.04,-117.65,1.51
2.8348,18.0,4.766816143497758,0.9372197309417041,462.0,2.071748878923767,33.84,-117.97,2.19
2.7717,25.0,5.79175704989154,1.143167028199566,936.0,2.0303687635574836,33.12,-117.32,3.54
1.4676,17.0,5.497076023391813,1.3654970760233918,798.0,2.3333333333333335,39.08,-122.8,0.65
4.7062,27.0,5.8694444444444445,1.0555555555555556,1109.0,3.0805555555555557,33.81,-118.32,3.57
5.4217,46.0,5.902027027027027,1.054054054054054,770.0,2.6013513513513513,33.88,-117.94,2.56
2.8092,17.0,4.728395061728395,1.0576131687242798,583.0,2.39917695473251,38.66,-121.34,1.375
6.553,41.0,7.12,1.0133333333333334,680.0,3.022222222222222,34.21,-118.19,5.00001
1.9805,16.0,3.9773013871374525,1.0844892812105926,1837.0,2.3165195460277426,38.66,-121.34,0.929
2.3036,39.0,3.793296089385475,0.9162011173184358,769.0,4.29608938547486,33.88,-117.57,1.106
2.3036,22.0,6.246808510638298,1.2127659574468086,611.0,2.6,39.97,-121.51,0.73
3.9886,32.0,4.740402193784278,1.0347349177330896,1596.0,2.917733089579525,34.21,-118.54,1.992
3.1691,42.0,3.5300925925925926,1.0555555555555556,1688.0,3.9074074074074074,34.1,-118.24,1.413
1.9375,35.0,4.386252045826514,1.0376432078559739,2188.0,3.5810147299509003,37.94,-121.28,0.567
1.325,46.0,4.825641025641025,1.117948717948718,621.0,3.1846153846153844,37.75,-122.18,0.871
4.1932,52.0,3.568888888888889,1.1866666666666668,628.0,2.7911111111111113,34.24,-117.86,0.14999
4.8571,36.0,5.327327327327327,1.045045045045045,934.0,2.804804804804805,33.86,-118.14,2.033
2.6397,29.0,4.469026548672566,1.0,411.0,3.6371681415929205,33.91,-118.1,1.644
3.25,34.0,5.426573426573427,1.034965034965035,1684.0,3.9254079254079253,32.71,-117.03,0.996
2.6094,52.0,6.98639455782313,1.6598639455782314,492.0,3.3469387755102042,37.8,-122.29,0.813
6.712,15.0,7.844290657439446,1.0103806228373702,1180.0,4.083044982698962,32.96,-117.13,2.402
4.5486,52.0,6.884057971014493,1.0507246376811594,665.0,2.4094202898550723,37.58,-122.37,5.00001
1.8692,15.0,4.77536231884058,1.0724637681159421,567.0,2.0543478260869565,38.96,-122.83,0.938
5.4298,28.0,6.049079754601227,0.9662576687116564,970.0,2.9754601226993866,33.81,-117.83,2.342
8.5294,35.0,8.186507936507937,1.0555555555555556,676.0,2.6825396825396823,37.36,-122.1,5.00001
2.725,23.0,5.633738601823708,1.168693009118541,1938.0,2.945288753799392,34.01,-117.35,0.953
4.3601,26.0,6.298387096774194,0.9973118279569892,1221.0,3.282258064516129,32.57,-117.1,1.449
2.6506,33.0,4.327464788732394,1.0,3091.0,3.6279342723004695,37.47,-122.16,1.626
1.9853,47.0,3.9927797833935017,0.9620938628158845,1903.0,3.435018050541516,33.99,-118.3,1.011
10.8045,44.0,5.494845360824742,0.9278350515463918,291.0,3.0,34.06,-118.42,5.00001
1.0219,29.0,2.921681780708986,1.1409727947238253,3323.0,2.7394888705688376,34.03,-118.29,2.583
3.9837,31.0,5.018651362984218,1.0444763271162123,2098.0,3.010043041606887,33.87,-118.09,2.46
2.6146,37.0,5.589108910891089,1.0495049504950495,509.0,2.51980198019802,34.04,-118.14,2.432
2.5457,38.0,5.512323943661972,1.0985915492957747,1591.0,2.801056338028169,39.05,-122.92,0.807
2.2891,31.0,6.348122866894198,1.3447098976109215,1848.0,6.30716723549488,37.94,-121.49,1.625
1.473,35.0,3.0697674418604652,1.0734883720930233,3120.0,2.902325581395349,37.33,-121.88,2.136
1.7614,25.0,5.19434628975265,1.204946996466431,706.0,2.4946996466431095,37.53,-120.19,0.713
2.875,17.0,4.821276595744681,1.0382978723404255,716.0,3.046808510638298,37.95,-121.83,1.625
4.3,41.0,5.445468509984639,1.0721966205837175,1221.0,1.8755760368663594,34.15,-118.36,5.00001
3.9963,4.0,6.761377613776138,1.2469249692496924,8824.0,2.713407134071341,33.49,-117.12,1.911
3.6333,30.0,5.431578947368421,0.9473684210526315,288.0,3.031578947368421,36.79,-121.32,2.025
3.825,34.0,5.036764705882353,1.0980392156862746,1134.0,2.7794117647058822,33.91,-118.35,2.354
5.2661,37.0,6.7018867924528305,1.1358490566037736,702.0,2.6490566037735848,34.26,-118.34,3.149
6.2976,52.0,7.6040100250626566,1.0175438596491229,1158.0,2.9022556390977443,34.18,-118.27,4.984
1.7652,52.0,3.5345211581291758,0.9888641425389755,878.0,1.955456570155902,37.86,-122.25,3.368
3.3594,32.0,4.969298245614035,0.9473684210526315,693.0,3.039473684210526,33.87,-117.89,2.021
4.2969,18.0,6.554545454545455,1.040909090909091,538.0,2.4454545454545453,37.67,-120.96,1.632
4.5081,33.0,4.511335012594459,0.9722921914357683,844.0,2.1259445843828715,34.18,-118.46,2.514
1.2254,42.0,2.0966921119592876,1.1603053435114503,3795.0,3.21882951653944,34.06,-118.28,1.625
3.5806,52.0,5.1749174917491745,1.113861386138614,1213.0,2.0016501650165015,34.11,-118.3,3.919
3.6619,17.0,4.885875706214689,0.9649717514124294,1656.0,1.8711864406779661,37.4,-122.0,2.324
6.7474,16.0,6.27653997378768,1.0694626474442988,1840.0,2.4115334207077326,37.55,-122.27,3.382
2.8913,23.0,5.038674033149171,0.9779005524861878,1146.0,3.165745856353591,36.43,-119.85,0.609
4.4063,9.0,4.564426877470356,1.0434782608695652,3086.0,2.439525691699605,33.63,-117.67,2.022
9.4667,32.0,7.325757575757576,1.0378787878787878,1558.0,2.9507575757575757,34.17,-118.02,5.00001
3.0222,17.0,4.576470588235294,1.2823529411764707,1392.0,2.0470588235294116,37.68,-121.78,1.725
3.1591,35.0,5.382075471698113,1.0,924.0,4.3584905660377355,34.04,-117.96,1.483
3.0083,25.0,3.3438661710037176,1.0353159851301115,3416.0,6.349442379182156,33.74,-117.88,1.635
2.2208,15.0,7.362948960302457,1.4782608695652173,900.0,1.7013232514177694,33.68,-116.42,1.383
6.5475,25.0,6.992373689227836,1.1029551954242136,2626.0,2.503336510962822,37.49,-122.28,5.00001
2.879,52.0,3.737864077669903,1.1029126213592233,867.0,1.683495145631068,37.77,-122.42,4.5
4.4375,24.0,5.791304347826087,1.0956521739130434,625.0,2.717391304347826,33.89,-117.96,3.341
1.7765,40.0,3.9490084985835696,1.1246458923512748,689.0,1.951841359773371,38.58,-121.46,1.098
3.6488,21.0,4.153649167733675,1.0435339308578746,1423.0,1.82202304737516,34.02,-118.42,3.408
3.087,20.0,9.78735632183908,1.6896551724137931,409.0,2.3505747126436782,39.2,-120.1,1.969
2.6629,37.0,5.009615384615385,0.9855769230769231,589.0,2.831730769230769,32.74,-117.07,1.169
2.564,32.0,4.18655462184874,1.035294117647059,2660.0,4.470588235294118,34.06,-117.99,1.458
4.2759,33.0,5.513119533527697,0.9737609329446064,932.0,2.717201166180758,33.81,-117.94,2.38
2.6364,47.0,5.1214574898785425,1.0283400809716599,587.0,2.376518218623482,38.01,-121.82,0.935
3.0603,46.0,5.353944562899787,1.044776119402985,1583.0,3.375266524520256,32.78,-115.56,0.708
2.3846,22.0,5.1528662420382165,1.1464968152866242,334.0,2.127388535031847,33.48,-117.66,5.00001
1.7639,21.0,5.417607223476298,1.0948081264108351,1109.0,2.5033860045146725,41.81,-122.53,0.554
3.4265,52.0,4.703448275862069,1.0367816091954023,944.0,2.170114942528736,34.07,-118.36,4.569
3.7277,38.0,5.625766871165644,1.0674846625766872,1390.0,2.8425357873210633,37.94,-122.32,1.651
2.7121,29.0,4.163716814159292,1.0870206489675516,1723.0,2.5412979351032448,33.89,-118.13,1.655
1.448,37.0,4.327433628318584,1.0265486725663717,1316.0,3.882005899705015,34.06,-117.19,0.728
6.2299,39.0,5.2368421052631575,0.9473684210526315,101.0,2.6578947368421053,38.25,-122.05,1.054
5.2598,47.0,6.335106382978723,1.0425531914893618,867.0,2.3058510638297873,37.73,-122.48,3.715
4.6957,41.0,4.880459770114943,0.9770114942528736,1032.0,2.372413793103448,37.37,-122.03,2.848
3.2344,40.0,5.090196078431372,1.0862745098039215,791.0,3.1019607843137256,33.98,-118.32,1.043
1.9704,34.0,3.3976143141153083,1.117296222664016,2105.0,4.184890656063618,34.08,-118.22,1.521
5.1169,46.0,5.590106007067138,0.9858657243816255,603.0,2.1307420494699647,34.16,-118.39,4.143
3.025,44.0,4.4296875,1.03125,1091.0,2.8411458333333335,33.86,-118.17,1.623
6.2547,49.0,5.163461538461538,0.8173076923076923,403.0,1.9375,34.16,-118.32,3.667
7.5412,16.0,7.033333333333333,0.9571428571428572,1659.0,2.6333333333333333,38.14,-122.54,3.921
6.057,21.0,6.674358974358975,1.035897435897436,1350.0,3.4615384615384617,33.85,-117.82,2.359
4.575,36.0,5.625,0.9852941176470589,306.0,2.25,37.36,-121.97,2.476
1.9189,28.0,3.097560975609756,1.0540069686411149,2184.0,3.8048780487804876,34.06,-118.06,1.659
5.0362,29.0,6.110112359550562,0.9786516853932584,2310.0,2.595505617977528,37.91,-122.03,2.753
3.6645,16.0,6.014018691588785,1.030373831775701,1041.0,2.432242990654206,38.47,-121.13,2.034
8.0103,20.0,8.856140350877194,1.0912280701754387,965.0,3.3859649122807016,34.15,-117.66,3.955
4.1071,37.0,6.272842639593908,1.0799492385786802,2164.0,2.746192893401015,33.76,-117.87,3.113
2.4688,38.0,4.146825396825397,1.0297619047619047,1871.0,3.7123015873015874,33.96,-118.21,1.69
6.9051,5.0,8.527293844367016,1.3077816492450638,4276.0,2.483159117305459,37.9,-121.6,3.409
4.0469,6.0,5.962264150943396,1.0867924528301887,792.0,2.9886792452830186,33.24,-117.31,1.624
2.6136,28.0,3.7789115646258504,1.0204081632653061,526.0,1.7891156462585034,34.09,-118.36,3.833
4.8088,32.0,5.285546415981199,1.0129259694477086,1818.0,2.136310223266745,37.9,-122.05,3.212
2.6491,5.0,4.482367758186398,1.0944584382871536,2965.0,3.734256926952141,33.84,-118.31,2.167
5.308,37.0,4.635294117647059,1.0147058823529411,662.0,1.9470588235294117,33.9,-118.42,5.00001
2.6123,37.0,4.17936507936508,1.0,1904.0,3.022222222222222,33.93,-117.95,1.613
4.7083,28.0,5.8,1.0321428571428573,755.0,2.6964285714285716,33.88,-118.0,2.681
2.475,43.0,3.8666666666666667,0.9666666666666667,416.0,3.466666666666667,34.06,-118.17,1.426
5.7385,28.0,5.538775510204082,1.0244897959183674,1389.0,2.8346938775510204,37.25,-121.9,2.404
4.2312,16.0,5.771754636233951,1.042796005706134,1684.0,2.4022824536376604,32.82,-117.05,1.97
2.1714,46.0,3.235135135135135,1.1243243243243244,898.0,2.427027027027027,37.34,-121.89,1.906
4.1289,13.0,4.572038420490928,1.112059765208111,2146.0,2.290288153681964,38.03,-122.44,1.792
2.1411,52.0,4.456582633053221,1.0420168067226891,817.0,2.288515406162465,38.1,-122.25,0.972
2.0066,16.0,5.689567430025445,1.1145038167938932,1361.0,3.4631043256997454,37.2,-120.64,1.25
2.5238,32.0,5.063106796116505,1.1116504854368932,1355.0,3.2888349514563107,34.07,-117.33,0.892
2.3125,48.0,5.025714285714286,1.1114285714285714,716.0,2.045714285714286,39.2,-121.05,1.083
6.4441,26.0,6.017057569296376,1.0085287846481876,1258.0,2.6823027718550105,33.69,-117.93,2.61
1.3125,13.0,3.4217252396166136,1.159744408945687,3806.0,3.0399361022364215,34.07,-118.45,3.5
2.4141,28.0,4.327169274537695,1.0369843527738265,1964.0,2.793741109530583,32.8,-116.94,1.375
3.3482,21.0,5.366824644549763,1.1232227488151658,3067.0,2.9071090047393366,34.08,-117.68,1.373
2.4821,37.0,5.250712250712251,1.0427350427350428,1207.0,3.438746438746439,33.88,-118.24,1.11
5.3994,23.0,5.019157088122605,1.0229885057471264,910.0,3.4865900383141764,37.44,-121.88,2.379
2.125,36.0,3.464788732394366,0.9683098591549296,1024.0,3.6056338028169015,34.02,-118.13,1.535
2.375,41.0,5.205078125,1.005859375,1664.0,3.25,32.68,-117.06,1.135
3.8864,52.0,4.997014925373135,1.0328358208955224,734.0,2.191044776119403,37.74,-122.42,2.813
2.3365,34.0,4.46606334841629,1.1221719457013575,902.0,4.081447963800905,33.95,-118.27,0.98
5.1184,41.0,6.088235294117647,1.0411764705882354,804.0,2.364705882352941,37.8,-122.2,2.396
4.0154,33.0,5.211161387631976,1.0301659125188536,1704.0,2.570135746606335,36.6,-121.93,2.257
4.8929,36.0,5.0,1.0790513833992095,1052.0,4.158102766798419,33.97,-118.07,1.562
2.1682,35.0,5.26,1.0075,1060.0,2.65,38.76,-120.67,1.381
4.5333,34.0,7.113564668769716,1.2681388012618298,857.0,2.7034700315457414,34.1,-118.75,3.773
4.5278,32.0,6.133587786259542,0.9656488549618321,778.0,2.969465648854962,32.84,-116.94,1.663
4.1705,17.0,4.6669902912621355,1.0305825242718447,4684.0,2.2737864077669903,38.09,-122.56,2.098
3.9868,17.0,3.8505338078291813,1.0355871886120998,598.0,2.1281138790035588,33.87,-118.36,2.819
2.7019,22.0,5.5109375,1.1109375,1483.0,2.3171875,34.44,-119.27,2.347
3.2604,9.0,5.018105849582173,1.0947075208913648,1782.0,2.481894150417827,34.06,-117.24,0.933
2.3,10.0,5.774223034734918,1.2202925045703839,2625.0,2.3994515539305303,33.81,-117.02,1.089
3.8125,38.0,5.758720930232558,0.997093023255814,796.0,2.313953488372093,34.15,-117.28,0.974
4.675,35.0,6.235294117647059,1.0252100840336134,664.0,2.7899159663865545,37.24,-121.94,2.453
2.7827,9.0,4.764444444444444,1.13,3156.0,3.506666666666667,34.1,-117.45,1.058
2.3605,39.0,4.005012531328321,1.1478696741854637,1691.0,4.238095238095238,33.79,-118.21,1.418
7.5619,15.0,7.640226628895184,1.0594900849858357,2383.0,3.3753541076487252,33.65,-117.69,3.02
4.8686,4.0,6.293711656441718,1.052914110429448,3887.0,2.980828220858896,33.85,-117.55,1.953
2.975,43.0,4.111111111111111,1.0541310541310542,2086.0,1.9810066476733144,37.77,-122.25,2.434
2.4875,27.0,3.4573002754820936,1.078512396694215,3481.0,4.794765840220386,34.06,-118.03,1.578
4.1716,11.0,5.472144063027574,1.0106921778277997,5247.0,2.952729319077096,32.85,-116.96,1.661
3.2356,50.0,3.502808988764045,1.026685393258427,958.0,1.345505617977528,37.8,-122.42,5.00001
3.0667,19.0,5.357495881383855,1.0115321252059308,1971.0,3.2471169686985175,36.32,-119.79,0.758
1.7159,43.0,4.121580547112462,1.012158054711246,796.0,2.419452887537994,34.02,-118.36,1.897
5.2528,25.0,5.662983425414365,1.0386740331491713,1633.0,3.007366482504604,37.27,-121.98,2.694
4.6786,52.0,4.642228739002933,1.0175953079178885,935.0,2.7419354838709675,37.73,-122.43,2.632
3.5625,43.0,5.64741641337386,1.0486322188449848,1054.0,3.2036474164133737,34.11,-118.01,2.116
8.5184,26.0,6.759541984732825,0.9675572519083969,1392.0,2.6564885496183206,37.48,-122.27,5.00001
3.8864,27.0,5.163398692810458,1.0245098039215685,1628.0,2.6601307189542482,32.73,-117.11,1.326
3.5242,33.0,5.125641025641026,0.9435897435897436,1061.0,2.7205128205128206,37.75,-121.42,1.214
4.9044,35.0,5.482248520710059,1.1094674556213018,878.0,2.5976331360946747,34.41,-119.72,3.353
4.2464,16.0,6.0073664825046045,0.9815837937384899,1794.0,3.303867403314917,38.7,-121.25,1.444
4.3264,10.0,5.1652892561983474,1.0082644628099173,1055.0,2.90633608815427,34.05,-117.69,1.289
2.6635,18.0,3.1538461538461537,1.1538461538461537,812.0,3.67420814479638,33.75,-117.87,1.625
1.9327,10.0,5.7894736842105265,1.0789473684210527,898.0,3.93859649122807,38.57,-121.92,1.938
5.5608,34.0,6.08955223880597,0.9813432835820896,690.0,2.574626865671642,33.94,-117.97,2.558
3.4196,43.0,5.023404255319149,1.0404255319148936,824.0,1.7531914893617022,32.76,-117.15,3.022
3.8026,28.0,5.647940074906367,0.9850187265917603,996.0,3.730337078651685,32.81,-117.23,2.7
5.1741,16.0,5.80327868852459,1.0204918032786885,636.0,2.6065573770491803,33.7,-117.79,2.277
2.885,9.0,5.323108384458077,1.0143149284253579,4660.0,4.76482617586912,33.71,-117.82,1.625
6.471,52.0,6.729372937293729,0.9867986798679867,772.0,2.547854785478548,37.58,-122.38,5.00001
5.2121,32.0,4.294964028776978,1.0629496402877698,1009.0,1.814748201438849,33.98,-118.46,4.667
1.5774,31.0,5.391379310344828,1.1448275862068966,1345.0,2.3189655172413794,40.14,-120.94,0.58
3.125,9.0,5.55409219190969,1.0959548447789276,3489.0,3.282220131702728,34.54,-117.32,0.928
4.0588,45.0,5.822274881516588,1.0545023696682465,1129.0,2.675355450236967,37.68,-122.13,1.828
4.425,35.0,5.563176895306859,1.0722021660649819,791.0,2.8555956678700363,37.08,-122.08,2.048
3.3681,31.0,4.826807228915663,1.0948795180722892,1647.0,2.480421686746988,33.93,-118.14,2.239
2.9875,19.0,6.5088062622309195,1.0978473581213308,1544.0,3.0215264187866926,38.14,-121.05,1.663
4.5469,4.0,5.219594594594595,1.027027027027027,788.0,2.6621621621621623,33.68,-117.81,5.00001
5.3644,36.0,6.305220883534137,1.1004016064257027,992.0,3.9839357429718874,37.63,-122.09,1.688
4.4821,42.0,5.481684981684982,0.9377289377289377,1594.0,2.9194139194139193,37.69,-122.48,2.524
4.5192,52.0,5.582781456953643,1.0596026490066226,333.0,2.205298013245033,34.06,-118.37,4.46
6.1407,52.0,6.914285714285715,1.0505494505494506,1143.0,2.512087912087912,37.79,-122.49,5.00001
4.3462,36.0,5.919491525423729,1.1080508474576272,1334.0,2.8262711864406778,34.22,-118.51,2.221
4.1397,52.0,5.474777448071217,0.9970326409495549,1015.0,3.0118694362017804,37.76,-122.48,3.313
4.075,28.0,5.815831987075929,1.0347334410339257,3793.0,3.0638126009693054,34.38,-119.12,2.379
2.5523,46.0,3.7610169491525425,1.1627118644067798,1107.0,1.876271186440678,33.99,-118.48,3.875
2.8438,32.0,3.851985559566787,1.032490974729242,1053.0,3.8014440433212995,33.95,-118.37,1.817
4.0294,23.0,6.105747126436782,1.1839080459770115,998.0,2.2942528735632184,33.42,-117.62,5.00001
3.875,11.0,9.37546468401487,2.0,616.0,2.2899628252788102,33.04,-116.61,1.981
6.0224,38.0,5.1,1.2,41.0,4.1,33.8,-117.89,1.875
5.0497,31.0,4.875,1.1180555555555556,236.0,1.6388888888888888,33.89,-118.41,5.00001
5.0864,16.0,6.6573426573426575,1.0,530.0,3.7062937062937062,32.73,-116.98,1.753
2.85,38.0,3.7934782608695654,0.9934782608695653,1547.0,3.3630434782608694,34.09,-118.14,2.19
6.9483,18.0,7.167364016736402,1.0209205020920502,690.0,2.8870292887029287,34.3,-119.23,4.043
1.1979,33.0,2.0207253886010363,1.0310880829015545,435.0,2.2538860103626943,34.06,-118.24,3.5
5.0,52.0,6.059880239520958,0.9580838323353293,823.0,2.464071856287425,37.73,-122.14,2.647
3.225,44.0,5.854984894259819,1.2054380664652569,946.0,2.8580060422960725,37.75,-122.15,1.358
1.0962,11.0,4.092651757188499,0.9297124600638977,861.0,2.7507987220447285,36.19,-119.32,0.723
3.8281,3.0,7.980769230769231,1.3942307692307692,272.0,2.6153846153846154,33.52,-116.8,1.635
3.9531,17.0,5.505434782608695,1.0054347826086956,1297.0,2.3496376811594204,32.95,-117.05,1.786
3.1625,23.0,5.773399014778325,1.0024630541871922,1184.0,2.916256157635468,36.06,-119.05,0.706
2.0096,36.0,2.294016358157555,1.066293585880327,3469.0,1.493327593628928,37.8,-122.26,1.3
4.5294,18.0,5.348457350272232,1.014519056261343,1820.0,3.3030852994555353,33.82,-118.0,2.248
5.0461,15.0,7.351981351981352,1.1375291375291374,1656.0,3.86013986013986,33.19,-117.11,2.224
3.8512,17.0,3.93812375249501,1.029940119760479,1112.0,2.219560878243513,33.83,-118.06,1.638
1.3417,40.0,4.65979381443299,1.1237113402061856,412.0,4.247422680412371,37.94,-121.3,0.608
2.7054,52.0,5.741214057507987,1.060702875399361,905.0,2.891373801916933,33.99,-117.38,1.417
6.6134,4.0,6.560728744939271,0.9392712550607287,1552.0,3.1417004048582995,37.93,-121.97,3.07
3.8125,37.0,3.9421965317919074,0.9942196531791907,813.0,4.699421965317919,34.05,-118.01,1.38
1.2852,51.0,3.7590361445783134,1.248995983935743,517.0,2.076305220883534,37.83,-122.26,1.5
3.1111,43.0,4.196369636963697,1.0247524752475248,1301.0,2.1468646864686467,37.57,-122.33,3.184
3.4896,9.0,5.9620596205962055,1.1436314363143631,938.0,2.5420054200542004,38.68,-121.2,1.438
4.3125,46.0,6.135135135135135,0.963963963963964,531.0,2.391891891891892,33.83,-118.17,2.905
3.0347,17.0,4.50580997949419,1.0423786739576213,4459.0,3.047846889952153,34.23,-118.59,2.545
4.0909,16.0,5.278350515463917,0.961340206185567,1052.0,2.711340206185567,36.33,-119.66,0.928
4.5427,16.0,3.8632580261593343,1.1260404280618312,1637.0,1.9464922711058263,37.35,-121.99,1.984
0.536,26.0,7.846153846153846,1.3076923076923077,43.0,3.3076923076923075,38.7,-122.52,0.875
6.8634,24.0,7.183884297520661,0.9545454545454546,1593.0,3.291322314049587,33.72,-117.82,2.765
2.81,43.0,4.272340425531915,1.004255319148936,839.0,3.570212765957447,32.66,-117.08,1.034
3.3272,35.0,5.073170731707317,0.983739837398374,1054.0,2.856368563685637,36.79,-119.83,0.656
2.1641,31.0,3.809045226130653,1.0050251256281406,1820.0,4.57286432160804,33.93,-118.18,1.229
3.5909,46.0,5.913725490196079,1.0235294117647058,674.0,2.6431372549019607,34.17,-118.16,1.554
7.4542,16.0,6.483333333333333,1.0666666666666667,512.0,1.7066666666666668,37.42,-122.23,5.00001
2.2917,34.0,4.367857142857143,1.0035714285714286,824.0,2.942857142857143,37.74,-122.17,0.925
3.125,9.0,5.148006785411366,1.1195928753180662,6837.0,2.899491094147583,38.67,-121.75,1.325
3.6429,33.0,6.253731343283582,1.1492537313432836,190.0,2.8358208955223883,39.65,-122.14,0.875
4.7946,24.0,6.311233885819521,1.0368324125230202,4926.0,3.023941068139963,33.82,-117.84,2.512
1.4133,15.0,4.303605313092979,1.0524984187223276,4737.0,2.9962049335863377,37.73,-122.38,2.034
3.436,37.0,5.516826923076923,1.0300480769230769,2920.0,3.5096153846153846,38.08,-122.22,0.948
3.425,6.0,4.221774193548387,1.092741935483871,740.0,2.9838709677419355,33.92,-118.34,1.938
5.2333,34.0,4.868020304568528,1.16751269035533,384.0,1.9492385786802031,33.6,-117.96,4.714
4.8375,40.0,6.8625,1.09375,415.0,2.59375,38.64,-121.26,2.174
7.9029,37.0,6.247572815533981,0.9563106796116505,510.0,2.4757281553398056,37.45,-122.13,5.00001
4.4271,25.0,5.082514734774067,1.005893909626719,1219.0,2.3948919449901767,33.82,-118.32,3.821
5.0941,3.0,6.998985801217039,1.1379310344827587,5226.0,2.650101419878296,36.87,-119.75,1.437
2.227,30.0,3.7037037037037037,1.0980392156862746,1719.0,3.7450980392156863,34.06,-117.76,0.919
4.793,44.0,4.854910714285714,1.0602678571428572,1019.0,2.2745535714285716,34.01,-118.47,4.708
5.6062,26.0,6.017429193899782,1.0806100217864925,1716.0,3.738562091503268,37.46,-121.91,2.268
3.455,34.0,4.415233415233415,0.9705159705159705,1162.0,2.8550368550368552,38.31,-122.3,1.375
3.9054,14.0,4.088397790055248,1.0441988950276244,1681.0,1.8574585635359115,34.16,-118.25,2.0
5.2128,49.0,5.781021897810219,0.9927007299270073,331.0,2.4160583941605838,36.97,-122.04,2.386
0.6825,17.0,2.372549019607843,0.9901960784313726,198.0,0.9705882352941176,37.65,-121.0,1.875
2.3287,16.0,5.705,1.1,563.0,2.815,40.63,-122.23,1.307
5.5196,45.0,5.444444444444445,1.0123456790123457,1474.0,2.599647266313933,33.83,-118.13,2.276
3.7932,37.0,5.5013774104683195,0.9944903581267218,1037.0,2.8567493112947657,34.2,-118.15,2.103
2.35,15.0,6.337175792507205,1.3054755043227666,899.0,2.590778097982709,37.7,-118.45,1.078
4.4732,29.0,5.482978723404256,0.9468085106382979,1849.0,3.9340425531914893,33.77,-117.89,1.948
3.3531,12.0,8.551136363636363,1.7215909090909092,1554.0,2.9431818181818183,38.83,-122.74,0.908
2.1797,26.0,5.617283950617284,1.154320987654321,1001.0,3.0895061728395063,33.16,-116.68,1.563
2.891,11.0,3.7643229166666665,1.23828125,2166.0,2.8203125,34.19,-118.44,1.781
2.875,41.0,4.472049689440993,1.0093167701863355,1014.0,3.1490683229813663,34.21,-118.44,1.686
2.2206,50.0,4.622754491017964,1.1616766467065869,606.0,3.62874251497006,36.73,-119.81,0.592
1.9375,16.0,5.303664921465969,1.036649214659686,1031.0,2.6989528795811517,39.75,-122.23,0.731
5.5259,52.0,5.943786982248521,1.0,841.0,2.4881656804733727,37.33,-121.92,2.958
4.2361,19.0,7.132471728594507,1.0468497576736673,1627.0,2.62843295638126,34.03,-117.02,1.916
1.5256,36.0,4.897777777777778,1.0977777777777777,702.0,3.12,33.93,-118.26,0.954
3.6107,13.0,5.261096605744125,0.9712793733681462,2248.0,2.9347258485639687,37.8,-121.0,1.413
2.1635,43.0,4.533333333333333,0.9952380952380953,392.0,1.8666666666666667,32.72,-117.23,2.442
3.6944,29.0,4.048744460856721,0.9852289512555391,2449.0,3.617429837518464,34.08,-118.02,1.752
3.0958,25.0,4.310618066561014,1.0776545166402536,1559.0,2.4706814580031695,33.74,-117.82,1.378
4.4946,24.0,5.294896030245747,1.0472589792060492,2064.0,3.9017013232514177,34.08,-117.62,1.36
7.674,15.0,5.387878787878788,0.9424242424242424,908.0,2.7515151515151515,33.86,-118.38,3.293
4.8393,36.0,6.248062015503876,1.0051679586563307,1138.0,2.9405684754521966,33.85,-118.11,2.163
2.8247,15.0,4.953029759770527,1.0354965937612048,6583.0,2.360344209394048,33.15,-117.04,1.5
2.2448,20.0,5.084033613445378,1.050420168067227,1665.0,4.663865546218488,36.7,-119.54,0.589
3.4013,52.0,4.613157894736842,1.0,982.0,2.5842105263157893,38.61,-122.86,1.833
2.8289,15.0,3.3503937007874014,1.169291338582677,1326.0,5.2204724409448815,33.76,-117.86,1.175
3.9219,35.0,4.76948051948052,0.9935064935064936,1285.0,4.172077922077922,34.03,-117.92,1.595
3.0854,39.0,5.344969199178645,1.1232032854209446,1196.0,2.455852156057495,34.11,-118.06,2.487
3.8531,21.0,5.030555555555556,0.9263888888888889,2503.0,3.4763888888888888,34.08,-117.4,1.054
1.8625,40.0,2.4220532319391634,1.038022813688213,1150.0,4.3726235741444865,34.06,-118.26,1.313
3.1061,19.0,5.490066225165563,1.0706401766004414,1110.0,2.4503311258278146,39.76,-121.58,1.102
2.4886,36.0,2.961864406779661,1.1027542372881356,4033.0,4.272245762711864,33.94,-118.34,1.607
2.5227,30.0,4.341121495327103,1.1121495327102804,763.0,3.5654205607476634,34.07,-118.26,1.875
2.1354,29.0,5.096085409252669,1.0676156583629892,1314.0,2.3380782918149468,40.57,-124.14,0.751
3.9464,40.0,5.821428571428571,1.086734693877551,434.0,2.2142857142857144,37.93,-122.32,1.869
2.5104,38.0,5.6798866855524075,1.0906515580736544,882.0,2.498583569405099,38.73,-120.81,1.205
3.8472,33.0,5.033690658499235,0.9938744257274119,1783.0,2.7304747320061256,34.05,-118.15,2.933
3.9762,14.0,5.796803652968037,1.0639269406392695,1271.0,2.901826484018265,40.58,-122.26,1.385
1.4663,38.0,3.810725552050473,1.0126182965299684,1225.0,3.864353312302839,34.11,-117.31,0.64
1.9044,18.0,3.879194630872483,1.0447427293064877,783.0,1.7516778523489933,38.55,-121.39,1.543
5.1068,35.0,5.534124629080119,0.9940652818991098,1074.0,3.1869436201780417,34.25,-118.48,2.233
5.5845,26.0,5.495356037151703,0.913312693498452,1004.0,3.108359133126935,34.22,-118.86,2.517
7.8496,39.0,6.528888888888889,1.0044444444444445,553.0,2.457777777777778,33.63,-117.92,4.908
3.9036,37.0,4.968023255813954,0.9680232558139535,778.0,2.261627906976744,33.95,-118.13,3.266
4.875,22.0,5.158986175115207,1.0944700460829493,1016.0,2.3410138248847927,34.44,-119.82,2.954
4.5144,35.0,5.975384615384615,1.0215384615384615,1127.0,3.4676923076923076,33.9,-118.0,2.063
4.4625,32.0,5.3743409490333915,0.9876977152899824,1475.0,2.5922671353251316,33.67,-117.91,2.535
3.4459,21.0,5.990228013029316,1.0553745928338762,871.0,2.8371335504885993,33.9,-117.55,1.988
5.64,27.0,5.833865814696486,0.987220447284345,1016.0,3.246006389776358,37.62,-122.08,2.065
5.036,52.0,5.256317689530686,0.9711191335740073,582.0,2.101083032490975,37.3,-121.9,2.966
3.7422,16.0,5.042124542124542,1.054945054945055,857.0,1.5695970695970696,33.61,-117.74,2.298
2.2244,36.0,3.2302631578947367,1.1239035087719298,2542.0,2.787280701754386,34.13,-118.25,2.559
5.5538,34.0,5.414414414414415,1.024024024024024,947.0,2.843843843843844,33.88,-118.32,2.803
3.3214,37.0,4.327142857142857,1.0542857142857143,2436.0,3.48,37.7,-122.46,2.432
6.992,22.0,6.529202279202279,0.9779202279202279,4319.0,3.076210826210826,37.55,-122.03,2.848
2.0139,17.0,3.642523364485981,1.0794392523364487,821.0,1.9182242990654206,32.76,-117.12,1.5
4.9676,26.0,5.333690987124464,1.0686695278969958,2370.0,2.5429184549356223,34.11,-118.17,3.814
4.6349,31.0,6.052795031055901,1.0683229813664596,986.0,3.062111801242236,37.54,-121.97,1.962
4.6125,16.0,6.109090909090909,1.0363636363636364,1103.0,4.010909090909091,36.9,-121.71,2.538
4.9917,26.0,5.387387387387387,0.9871299871299871,2447.0,3.1492921492921493,33.81,-117.85,2.481
5.3972,30.0,6.416666666666667,1.0095238095238095,1098.0,2.6142857142857143,36.97,-122.04,3.623
1.7642,39.0,3.4384133611691023,0.9979123173277662,2176.0,4.542797494780793,32.71,-117.14,0.829
4.125,26.0,4.4796875,1.0484375,1955.0,3.0546875,34.21,-118.43,2.265
2.625,42.0,4.152777777777778,1.0208333333333333,312.0,2.1666666666666665,34.1,-118.25,1.643
1.7292,19.0,4.5,1.1818181818181819,51.0,2.3181818181818183,36.95,-117.9,1.375
4.9107,34.0,5.585365853658536,0.9878048780487805,552.0,3.3658536585365852,33.91,-118.13,2.22
3.1042,14.0,5.437837837837838,1.0108108108108107,462.0,2.497297297297297,39.18,-121.16,1.52
5.8661,16.0,7.888888888888889,1.1071428571428572,770.0,3.0555555555555554,33.06,-117.16,4.045
4.6327,34.0,5.552816901408451,0.9577464788732394,880.0,3.0985915492957745,33.93,-117.44,1.16
2.2847,41.0,3.5281385281385282,1.0909090909090908,775.0,3.354978354978355,34.01,-118.11,1.9
3.4211,34.0,4.882716049382716,1.058641975308642,1356.0,4.185185185185185,33.91,-118.09,1.411
3.2021,45.0,5.281437125748503,1.2005988023952097,679.0,2.032934131736527,33.99,-118.35,2.221
2.32,7.0,3.939873417721519,1.0651898734177214,5410.0,3.4240506329113924,33.15,-117.18,1.175
6.6272,19.0,7.138888888888889,0.9537037037037037,376.0,3.4814814814814814,32.66,-117.02,2.736
2.7361,21.0,4.277978339350181,0.9747292418772563,1488.0,2.6859205776173285,34.86,-118.17,0.833
5.3046,37.0,5.028801843317972,1.066820276497696,1661.0,1.913594470046083,33.77,-118.13,3.607
5.1457,5.0,6.395918367346939,1.023469387755102,3269.0,3.335714285714286,35.22,-119.13,1.182
2.1845,34.0,4.9879518072289155,0.9879518072289156,1110.0,3.3433734939759034,37.23,-120.25,0.599
4.4464,52.0,4.394919168591224,1.0646651270207852,831.0,1.9191685912240184,37.79,-122.44,5.00001
1.6607,16.0,6.7105263157894735,1.9210526315789473,85.0,2.236842105263158,39.71,-122.74,0.14999
4.8125,34.0,5.8734177215189876,1.0553797468354431,1521.0,2.4066455696202533,33.67,-118.0,3.878
2.5395,25.0,4.970588235294118,1.2379679144385027,1070.0,2.8609625668449197,34.05,-117.68,1.875
7.8013,19.0,7.248275862068965,1.0510344827586207,1773.0,2.4455172413793105,32.82,-117.25,4.74
1.2185,22.0,2.9456,1.016,2024.0,1.6192,37.82,-122.26,1.7
3.3056,46.0,5.111111111111111,1.0527777777777778,866.0,2.4055555555555554,34.18,-118.35,2.304
0.7917,52.0,2.018867924528302,1.490566037735849,167.0,3.150943396226415,37.95,-121.29,0.225
1.3993,28.0,4.806709265175719,1.1150159744408945,1200.0,1.9169329073482428,34.03,-117.05,1.046
2.1905,17.0,4.7973856209150325,1.0212418300653594,5034.0,4.112745098039215,36.71,-119.74,0.618
1.9439,17.0,3.6409155937052935,1.0543633762517883,1468.0,2.100143061516452,33.76,-117.99,1.777
9.7194,9.0,8.306260575296108,0.9763113367174281,1981.0,3.3519458544839256,37.49,-121.89,5.00001
6.2892,22.0,6.127214170692431,0.9597423510466989,2118.0,3.4106280193236715,37.43,-121.87,2.542
4.0,37.0,4.1590189873417724,1.0759493670886076,2128.0,1.6835443037974684,37.45,-122.18,3.943
4.1333,13.0,6.383606557377049,1.0437158469945356,2455.0,2.6830601092896176,34.53,-117.25,1.582
4.149,44.0,5.520361990950226,1.0972850678733033,1011.0,2.2873303167420813,34.43,-119.69,4.436
2.7232,35.0,5.385416666666667,1.1145833333333333,857.0,2.9756944444444446,39.01,-123.36,1.154
4.8125,18.0,5.992405063291139,1.0177215189873419,1021.0,2.5848101265822785,32.81,-116.83,2.105
1.5833,46.0,5.818930041152264,1.102880658436214,902.0,3.711934156378601,36.72,-119.81,0.567
3.6639,25.0,5.126482213438735,1.1172595520421607,1848.0,2.4347826086956523,34.12,-118.06,2.481
2.6929,16.0,4.942973523421589,1.0631364562118126,794.0,1.6171079429735233,34.11,-117.69,1.193
4.875,42.0,4.728280961182994,1.0314232902033271,1328.0,2.454713493530499,33.99,-118.43,3.013
1.8238,14.0,4.606635071090047,1.0545023696682465,1830.0,2.1682464454976302,38.95,-121.11,1.586
3.7813,18.0,5.357142857142857,1.0526315789473684,753.0,2.830827067669173,36.58,-119.45,0.873
4.8,21.0,4.60377358490566,1.0566037735849056,1215.0,2.547169811320755,33.8,-118.06,1.969
3.4125,30.0,4.489010989010989,1.0247252747252746,771.0,2.118131868131868,33.65,-117.9,2.841
6.4651,25.0,5.481953290870488,1.0509554140127388,1088.0,2.3099787685774946,32.97,-117.26,5.00001
1.6929,20.0,3.510355029585799,1.1523668639053255,1659.0,2.4541420118343193,37.8,-122.26,1.15
3.183,14.0,4.7844827586206895,1.1206896551724137,505.0,1.4511494252873562,38.44,-122.59,2.012
3.0568,41.0,5.95320197044335,1.0714285714285714,973.0,2.396551724137931,35.38,-118.96,0.856
5.8747,17.0,6.493421052631579,0.9342105263157895,463.0,3.0460526315789473,33.03,-117.08,2.293
2.8514,52.0,3.8017543859649123,1.0912280701754387,1095.0,1.9210526315789473,33.99,-118.47,3.587
3.8929,34.0,4.441037735849057,0.9622641509433962,1227.0,2.893867924528302,33.79,-117.86,1.875
3.3906,35.0,4.88,1.0552380952380953,1398.0,2.662857142857143,37.7,-122.18,1.789
3.8529,31.0,5.652777777777778,1.0638888888888889,866.0,2.4055555555555554,32.82,-117.21,2.12
7.1088,33.0,6.9806122448979595,0.9693877551020408,2681.0,2.7357142857142858,37.46,-122.25,4.433
2.894,52.0,4.157894736842105,1.0582706766917294,1195.0,2.2462406015037595,37.33,-121.91,2.095
7.0879,16.0,6.96969696969697,0.8855218855218855,878.0,2.9562289562289563,33.76,-118.04,3.388
2.631,29.0,5.148023549201009,1.0277544154751892,3595.0,3.0235492010092515,39.16,-123.22,1.096
3.0859,13.0,4.497902097902098,1.06993006993007,1627.0,2.2755244755244757,37.95,-121.96,1.678
4.2731,34.0,5.451117318435754,1.0013966480446927,2054.0,2.868715083798883,33.8,-117.93,2.18
3.4118,25.0,4.998175182481752,1.0364963503649636,3062.0,2.7937956204379564,34.05,-118.14,3.411
4.7772,34.0,4.985915492957746,0.9753521126760564,980.0,3.4507042253521125,33.81,-117.96,1.825
5.6096,17.0,5.486005089058525,1.1068702290076335,1400.0,3.5623409669211195,37.41,-121.85,1.991
3.9044,20.0,3.7144790257104194,1.0581867388362651,1161.0,1.5710419485791611,34.1,-118.35,4.364
4.0298,5.0,4.531128404669261,1.0544747081712063,1213.0,2.359922178988327,32.64,-117.04,2.256
3.6719,43.0,4.482084690553746,1.0504885993485342,1674.0,2.726384364820847,33.86,-118.18,1.613
6.623,30.0,6.8671875,0.96875,814.0,3.1796875,37.3,-121.94,3.325
2.6023,22.0,4.741333333333333,1.088,875.0,2.3333333333333335,38.61,-121.34,1.422
5.7907,20.0,6.408260524225576,0.9666401906274821,3489.0,2.7712470214455918,37.67,-121.77,2.642
2.85,38.0,3.2142857142857144,0.7678571428571429,246.0,4.392857142857143,33.93,-118.25,0.9
3.5719,45.0,4.093943139678616,1.0877626699629173,1157.0,1.4301606922126082,34.07,-118.35,5.00001
3.6667,15.0,14.304761904761905,2.9285714285714284,437.0,2.080952380952381,33.8,-116.48,0.9
1.85,14.0,4.541218637992832,1.039426523297491,1077.0,3.860215053763441,36.09,-119.56,0.523
6.9136,5.0,8.756906077348066,1.3646408839779005,510.0,2.81767955801105,33.48,-117.22,4.933
3.5488,8.0,4.768218623481781,0.9746963562753036,3310.0,3.3502024291497974,34.09,-117.46,1.016
2.2222,46.0,4.909385113268608,0.9676375404530745,879.0,2.8446601941747574,37.73,-122.39,1.951
2.8906,35.0,5.403141361256544,1.0837696335078535,954.0,4.994764397905759,34.08,-117.99,1.348
2.1528,10.0,3.4516129032258065,0.946236559139785,462.0,2.4838709677419355,33.98,-117.38,1.625
2.6667,36.0,5.092356687898089,1.0987261146496816,1086.0,3.4585987261146496,38.43,-122.75,1.491
3.0926,6.0,3.67351598173516,1.0833333333333333,2295.0,2.6198630136986303,34.24,-118.52,4.185
2.1182,34.0,4.409638554216867,1.03855421686747,1304.0,3.1421686746987953,37.34,-120.6,0.689
5.2155,36.0,5.791666666666667,1.0297619047619047,871.0,2.5922619047619047,33.82,-118.1,2.548
5.3276,22.0,8.751201923076923,1.4819711538461537,1849.0,2.222355769230769,36.93,-121.9,3.355
3.4058,13.0,3.334417344173442,1.0720867208672087,3397.0,1.8411924119241192,34.03,-118.4,2.75
1.9704,35.0,3.504012841091493,1.0208667736757624,3504.0,5.624398073836276,34.2,-119.16,1.603
1.2434,52.0,4.3619047619047615,1.05,1186.0,2.823809523809524,34.02,-118.31,0.984
3.3906,36.0,5.0785340314136125,1.044502617801047,1076.0,2.816753926701571,32.58,-117.16,1.478
2.892,30.0,5.701357466063349,1.248868778280543,707.0,3.1990950226244346,37.94,-122.07,2.208
6.3525,18.0,6.332386363636363,0.9829545454545454,1088.0,3.090909090909091,33.04,-117.26,2.783
3.5288,42.0,5.31960049937578,1.048689138576779,2013.0,2.51310861423221,36.66,-121.65,2.21
4.4821,35.0,5.9879310344827585,0.9706896551724138,2091.0,3.6051724137931034,33.84,-118.02,2.141
6.2048,23.0,7.304843304843305,0.9886039886039886,1043.0,2.9715099715099713,37.73,-121.93,2.75
5.6152,38.0,5.989510489510489,0.9965034965034965,779.0,2.7237762237762237,34.12,-118.09,3.599
8.4196,21.0,7.207476635514019,1.0224299065420561,1422.0,2.6579439252336448,34.15,-118.58,4.507
1.0918,52.0,2.2533333333333334,1.2026666666666668,1230.0,3.28,32.71,-117.16,0.225
2.5313,52.0,1.3784860557768925,1.0756972111553784,346.0,1.3784860557768925,34.05,-118.23,2.25
3.7614,37.0,3.9411764705882355,1.0529411764705883,1008.0,2.9647058823529413,34.0,-118.43,3.143
3.3654,23.0,6.375,1.3356481481481481,887.0,2.053240740740741,39.31,-123.81,2.25
4.7813,35.0,4.678861788617886,1.008130081300813,809.0,3.2886178861788617,33.9,-118.1,1.6
3.9519,15.0,6.907496012759171,1.1148325358851674,2046.0,3.263157894736842,32.64,-116.99,1.935
1.1806,24.0,4.3969696969696965,1.1727272727272726,1178.0,3.56969696969697,34.09,-117.29,0.683
3.75,52.0,6.081632653061225,1.064625850340136,792.0,2.693877551020408,34.1,-118.1,2.8
6.9296,36.0,6.138755980861244,1.0,563.0,2.6937799043062203,33.81,-118.37,5.00001
4.1316,52.0,5.174647887323943,0.9661971830985916,711.0,2.0028169014084507,34.44,-119.71,4.43
5.5871,52.0,5.403921568627451,1.0627450980392157,971.0,1.9039215686274509,34.08,-118.34,5.00001
4.8036,36.0,5.644628099173554,0.9201101928374655,1105.0,3.044077134986226,33.95,-118.11,2.613
5.0447,36.0,5.953020134228188,1.0033557046979866,784.0,2.6308724832214767,33.81,-118.12,2.492
1.8316,40.0,3.7833876221498373,1.0765472312703583,1847.0,3.00814332247557,34.03,-118.36,1.135
3.3472,19.0,5.802752293577981,1.0458715596330275,755.0,3.463302752293578,38.65,-121.95,0.698
3.9205,43.0,5.407407407407407,1.0396825396825398,979.0,2.5899470899470898,37.75,-122.49,3.191
3.0197,28.0,4.266666666666667,1.1,214.0,3.566666666666667,36.67,-121.64,1.375
4.2008,12.0,4.643646408839779,1.0524861878453038,1050.0,2.9005524861878453,32.9,-117.15,1.761
4.5272,18.0,6.1943231441048034,1.1397379912663756,1454.0,3.1746724890829694,36.81,-121.69,2.21
4.8316,33.0,5.617063492063492,1.0119047619047619,1340.0,2.6587301587301586,34.26,-118.5,2.373
3.6875,28.0,4.65566037735849,1.0471698113207548,2974.0,2.004043126684636,37.74,-122.27,3.539
5.5337,52.0,5.188940092165899,0.8940092165898618,1033.0,2.380184331797235,37.77,-122.27,3.72
3.183,33.0,4.132,1.1186666666666667,2025.0,2.7,33.97,-118.12,1.911
6.3002,24.0,6.252252252252252,1.029029029029029,2803.0,2.805805805805806,34.38,-118.55,2.829
3.0912,40.0,4.396261682242991,1.0018691588785047,1430.0,2.6728971962616823,36.84,-121.4,1.553
4.0556,37.0,8.833333333333334,1.5,27.0,2.25,34.01,-117.09,1.313
6.6827,13.0,6.916606757728253,0.9662113587347232,4389.0,3.1552839683680807,37.7,-121.86,3.137
4.35,28.0,4.615384615384615,0.7692307692307693,46.0,3.5384615384615383,36.72,-119.83,0.675
3.2596,42.0,4.0117096018735365,0.9742388758782201,1349.0,3.159250585480094,34.17,-118.37,1.918
3.2315,35.0,6.698757763975156,1.5124223602484472,768.0,2.3850931677018634,38.54,-123.02,1.369
5.5792,35.0,5.469740634005763,0.9913544668587896,1123.0,3.2363112391930837,34.26,-118.47,2.184
3.2371,21.0,5.996078431372549,1.0588235294117647,2233.0,2.918954248366013,33.73,-116.95,0.945
4.1099,8.0,6.081680280046674,1.017502917152859,2383.0,2.780630105017503,37.19,-119.77,1.136
3.9224,17.0,5.00216684723727,1.0639219934994584,2303.0,2.495124593716143,34.39,-119.49,2.306
3.5227,19.0,5.40122199592668,1.0590631364562118,1421.0,2.894093686354379,32.61,-116.79,2.061
3.4107,29.0,4.256756756756757,0.9797297297297297,378.0,2.554054054054054,34.13,-117.86,1.708
1.2083,22.0,4.00709219858156,1.148936170212766,692.0,4.907801418439717,32.79,-115.55,0.536
2.7857,43.0,5.21505376344086,1.075268817204301,747.0,2.6774193548387095,40.58,-122.4,1.042
1.5872,38.0,4.610526315789474,1.1157894736842104,1080.0,3.789473684210526,33.94,-118.27,0.898
5.2897,35.0,5.775910364145658,0.988795518207283,991.0,2.775910364145658,33.88,-117.9,2.304
3.4688,44.0,5.570833333333334,1.0208333333333333,968.0,4.033333333333333,33.94,-118.18,1.836
2.3382,19.0,4.05989110707804,1.0526315789473684,1438.0,2.6098003629764066,37.97,-122.34,1.207
3.3214,47.0,4.912878787878788,1.106060606060606,704.0,2.6666666666666665,33.96,-118.32,1.665
6.6453,25.0,6.618249534450651,0.9832402234636871,1600.0,2.97951582867784,33.78,-118.03,2.701
3.6607,47.0,4.623853211009174,1.036697247706422,375.0,3.4403669724770642,33.83,-117.91,1.606
2.2361,46.0,4.4,1.075,101.0,2.525,38.02,-121.82,0.938
2.2717,18.0,5.520259319286872,1.0907617504051863,1567.0,2.539708265802269,39.83,-120.46,0.759
4.027,31.0,4.387628865979382,1.0721649484536082,1049.0,2.162886597938144,33.06,-117.3,2.9
8.0499,36.0,6.080530973451327,1.0442477876106195,2216.0,1.961061946902655,34.13,-118.36,4.956
4.6488,16.0,6.350847457627118,0.9932203389830508,1817.0,3.0796610169491525,38.7,-121.27,1.453
5.8993,49.0,7.051724137931035,1.0123152709359606,1108.0,2.729064039408867,34.0,-118.34,3.133
1.7328,44.0,4.053061224489796,1.1693877551020408,1044.0,2.130612244897959,38.56,-121.47,0.881
3.1051,23.0,3.7312889812889813,1.0317047817047817,4757.0,2.4724532224532223,34.2,-118.33,2.065
2.7188,43.0,5.188755020080321,1.2329317269076305,647.0,2.5983935742971886,38.75,-121.27,0.853
2.2273,43.0,4.86697247706422,1.201834862385321,1510.0,3.463302752293578,34.03,-118.35,1.233
2.2687,34.0,3.642857142857143,1.1387755102040817,804.0,1.6408163265306122,32.75,-117.16,2.0
4.7333,30.0,5.288461538461538,1.0673076923076923,1281.0,2.4634615384615386,33.04,-117.29,2.869
2.6178,52.0,3.304289544235925,1.0361930294906165,2328.0,3.1206434316353886,34.08,-118.28,2.031
1.8432,28.0,4.302788844621514,1.1872509960159363,524.0,2.087649402390438,34.44,-119.75,3.273
6.207,43.0,6.188405797101449,1.0144927536231885,768.0,2.782608695652174,34.18,-118.23,4.574
3.8487,46.0,5.1152882205513786,1.0150375939849625,1059.0,2.654135338345865,37.8,-122.2,2.033
6.1437,17.0,9.252155172413794,1.5344827586206897,1091.0,2.351293103448276,33.78,-116.43,2.321
3.7454,30.0,4.367170626349892,1.1274298056155507,1196.0,2.5831533477321815,33.78,-117.87,1.86
3.1571,43.0,4.976127320954907,1.0318302387267904,807.0,2.140583554376658,37.94,-122.33,1.416
3.0729,37.0,5.396491228070175,1.0456140350877192,867.0,3.042105263157895,32.62,-117.09,1.287
4.025,21.0,5.478935698447893,1.048780487804878,1753.0,3.8869179600886916,36.89,-121.37,2.938
2.5,34.0,3.6064,1.008,2984.0,4.7744,33.74,-117.86,1.625
5.5756,41.0,4.542857142857143,0.9934065934065934,1282.0,2.817582417582418,34.2,-118.24,3.099
3.88,42.0,5.02803738317757,1.1009345794392524,1149.0,2.147663551401869,34.14,-118.08,2.811
4.625,35.0,6.035483870967742,1.103225806451613,1055.0,3.403225806451613,37.73,-122.42,2.793
4.1083,6.0,3.9339407744874717,1.152619589977221,1200.0,2.733485193621868,34.14,-118.26,2.107
1.5729,36.0,4.553956834532374,1.064748201438849,557.0,4.0071942446043165,32.7,-117.14,0.827
1.8403,47.0,4.723463687150838,1.1229050279329609,913.0,2.5502793296089385,35.42,-119.04,0.547
1.4817,6.0,4.443645083932854,1.1342925659472423,1397.0,3.3501199040767387,36.77,-119.84,0.72
1.6955,29.0,3.2230971128608923,1.1382327209098864,3891.0,3.404199475065617,33.78,-118.16,1.797
3.0,13.0,6.317596566523605,1.1974248927038627,1091.0,2.3412017167381975,38.45,-120.59,1.19
4.3111,3.0,7.219685039370079,1.1905511811023621,3838.0,3.0220472440944883,33.84,-116.47,1.425
5.0025,32.0,5.9321100917431195,1.0146788990825688,1678.0,3.078899082568807,34.2,-118.62,2.349
4.8036,45.0,5.344748858447488,1.052511415525114,1092.0,2.493150684931507,37.75,-122.49,2.978
2.7697,38.0,5.473684210526316,1.0210526315789474,995.0,2.6184210526315788,38.52,-121.44,0.766
4.7341,4.0,5.274753758424054,1.130637636080871,4762.0,2.468636599274235,33.66,-117.67,2.374
6.9257,28.0,6.96594427244582,1.0185758513931888,826.0,2.557275541795666,33.54,-117.76,4.664
4.7361,22.0,6.08021978021978,1.0362637362637364,2474.0,2.718681318681319,37.7,-121.8,2.168
4.2396,48.0,5.62962962962963,1.0522875816993464,1118.0,2.4357298474945535,34.17,-118.33,2.451
7.8633,28.0,7.162337662337662,1.0649350649350648,415.0,2.6948051948051948,37.38,-122.26,5.00001
3.2663,37.0,4.104868913857678,0.9737827715355806,490.0,1.8352059925093633,32.8,-117.25,2.706
2.817,19.0,6.108695652173913,1.1603260869565217,1207.0,3.279891304347826,33.72,-117.29,1.1
8.4331,36.0,6.266871165644171,1.4325153374233128,606.0,1.8588957055214723,34.02,-118.6,5.00001
3.625,33.0,10.909090909090908,2.227272727272727,63.0,2.8636363636363638,40.63,-120.35,2.0
2.2981,26.0,3.6598290598290597,1.0205128205128204,2038.0,3.483760683760684,33.76,-118.01,1.777
